{"schemaVersion":"1.0","appDefinitionTemplate":{"id":"/providers/Microsoft.PowerApps/apps/","type":"Microsoft.PowerApps/apps","tags":{"primaryDeviceWidth":"640","primaryDeviceHeight":"1136","supportsPortrait":"true","supportsLandscape":"true","primaryFormFactor":"Phone","publisherVersion":"3.25064.3","minimumRequiredApiVersion":"2.2.0","hasComponent":"true","hasUnlockedComponent":"true","isUnifiedRootApp":"false","sienaVersion":"20250709T133703Z-3.25064.3.0","showStatusBar":"true","offlineLargeFilesSupport":"false"},"properties":{"appVersion":"2025-07-09T13:37:03Z","lifeCycleId":"Published","createdByClientVersion":{"major":3,"minor":25064,"build":3,"revision":0,"majorRevision":0,"minorRevision":0},"minClientVersion":{"major":3,"minor":25064,"build":3,"revision":0,"majorRevision":0,"minorRevision":0},"backgroundColor":"rgba(0, 131, 190, 1)","backgroundImageUri":"/1053001401656249196/N145b21e2-40f3-47af-8d67-ab10fa5f8601-logoSmallFile","displayName":"578 Employee Recognition App","commitMessage":"","appUris":{"documentUri":{"value":"/1053001401656249196/N8b7e3484-50dd-4d57-a706-116299c2cea4-document.msapp"},"imageUris":[],"additionalUris":[{"isSolutionAware":false,"value":"/1053001401656249196/N455a4434-7074-4237-81ff-ee5afa7ac2ea-identity.json"}]},"createdTime":"0001-01-01T00:00:00Z","lastModifiedTime":"0001-01-01T00:00:00Z","sharedGroupsCount":0,"sharedUsersCount":0,"connectionReferences":{"38ae43a2-81ed-464c-bdb9-d6cc96206478":{"id":"b7a19980-d1d5-4e59-958e-7a830009aab3","displayName":"SharePoint","iconUri":"https://conn-afd-prod-endpoint-bmc9bqahasf3grgk.b01.azurefd.net/releases/v1.0.1732/1.0.1732.4070/sharepointonline/icon.png","dataSources":["578_Starfish","List_DeskAdmin"],"dependencies":[],"dependents":[],"parameterHints":{},"parameterHintsV2":{},"isOnPremiseConnection":false,"bypassConsent":false,"dataSets":{"https://dvagov.sharepoint.com/sites/HinesEmployeeEngagementandWholeHealth/EmployeeRecognitionApp":{"dataSources":{"578_Starfish":{"tableName":"26a559b3-e174-4b37-becc-a7863c2d96e6"}}},"https://dvagov.sharepoint.com/sites/vhahin/svc/ci/TelehealthTeamApp":{"dataSources":{"List_DeskAdmin":{"tableName":"e8fb2b88-f7d5-4c32-a18a-87708200f96b"}}}},"apiTier":"Standard","isCustomApiConnection":false,"actions":["providers/PowerPlatform.Governance/Operations/Read","providers/PowerPlatform.Governance/Operations/Write"]},"197f11aa-ac28-4411-94a0-0ffcdbe73618":{"id":"791b1887-0bbf-4c9a-93c9-c5facca2d2ba","displayName":"Office 365 Users","iconUri":"https://connectorsiconsfairfax.z5.web.core.usgovcloudapi.net/v1.0.1751/1.0.1751.4213/office365users/icon.png","dataSources":["Office365Users"],"dependencies":[],"dependents":[],"parameterHints":{},"parameterHintsV2":{},"isOnPremiseConnection":false,"bypassConsent":false,"dataSets":{},"apiTier":"Standard","isCustomApiConnection":false,"actions":["MyProfile","UserProfile","UserPhoto_V2","Manager","SearchUser"]},"6606f1f7-9fc4-4c4c-8fa5-0d2d25c36ef7":{"id":"566c08d4-552b-4ad9-b719-7e7854622088","displayName":"Power Apps for Makers","iconUri":"https://connectorsiconsfairfax.z5.web.core.usgovcloudapi.net/v1.0.1758/1.0.1758.4260/powerappsforappmakers/icon.png","dataSources":["PowerAppsforMakers"],"dependencies":[],"dependents":[],"parameterHints":{},"parameterHintsV2":{},"isOnPremiseConnection":false,"bypassConsent":false,"dataSets":{},"apiTier":"Standard","isCustomApiConnection":false,"actions":["Get-AppVersions"]}},"databaseReferences":{},"almMode":"Environment","performanceOptimizationEnabled":true,"canConsumeAppPass":true,"enableModernRuntimeMode":false,"executionRestrictions":{"isTeamsOnly":false,"dataLossPreventionEvaluationResult":{"status":"Compliant","lastEvaluationDate":"2022-10-19T15:04:07.6718498Z","violations":[],"violationsByPolicy":[],"violationErrorMessage":"The app uses the following connectors: shared_sharepointonline."}}},"isAppComponentLibrary":false,"appType":"ClassicCanvasApp","appComponents":[]}}