{"name":"9394d1ed-9b7c-46cb-8b71-bc71c01b36af","id":"/providers/Microsoft.Flow/flows/9394d1ed-9b7c-46cb-8b71-bc71c01b36af","type":"Microsoft.Flow/flows","properties":{"apiId":"/providers/Microsoft.PowerApps/apis/shared_logicflows","displayName":"Great Catch Program / HeRO Award / Safety Story Program","definition":{"metadata":{"workflowEntityId":null,"processAdvisorMetadata":null,"flowChargedByPaygo":null,"flowclientsuspensionreason":"None","flowclientsuspensiontime":null,"flowclientsuspensionreasondetails":null,"creator":{"id":"b1e6dec8-90a1-4abf-bd37-be50b4662bac","type":"User","tenantId":"e95f1b23-abaf-45ee-821d-b7ab251ab3bf"},"provisioningMethod":"FromDefinition","failureAlertSubscription":true,"clientLastModifiedTime":"2024-06-28T13:14:42.5508032Z","connectionKeySavedTimeKey":"2024-12-27T03:14:46.5880723Z"},"$schema":"https://schema.management.azure.com/providers/Microsoft.Logic/schemas/2016-06-01/workflowdefinition.json#","contentVersion":"1.0.0.0","parameters":{"$connections":{"defaultValue":{},"type":"Object"},"$authentication":{"defaultValue":{},"type":"SecureObject"}},"triggers":{"When_a_new_response_is_submitted":{"splitOn":"@triggerOutputs()?['body/value']","metadata":{"operationMetadataId":"293469c5-8063-485e-a659-f5c7c3a54ac2"},"type":"OpenApiConnectionWebhook","inputs":{"host":{"apiId":"/providers/Microsoft.PowerApps/apis/shared_microsoftforms","connectionName":"shared_microsoftforms","operationId":"CreateFormWebhook"},"parameters":{"form_id":"Ixtf6a-r7kWCHberJRqzv8je5rGhkL9KvTe-ULRmK6xUNTk4VEVFODU4VlZTOFcxNExaNUhBUlE2WS4u"},"authentication":"@parameters('$authentication')"}}},"actions":{"Get_response_details":{"runAfter":{},"metadata":{"operationMetadataId":"279c3acd-49a5-4804-a9de-9911d10c47f8"},"type":"OpenApiConnection","inputs":{"host":{"apiId":"/providers/Microsoft.PowerApps/apis/shared_microsoftforms","connectionName":"shared_microsoftforms","operationId":"GetFormResponseById"},"parameters":{"form_id":"Ixtf6a-r7kWCHberJRqzv8je5rGhkL9KvTe-ULRmK6xUNTk4VEVFODU4VlZTOFcxNExaNUhBUlE2WS4u","response_id":"@triggerOutputs()?['body/resourceData/responseId']"},"authentication":"@parameters('$authentication')"}},"Switch":{"runAfter":{"Get_response_details":["Succeeded"]},"cases":{"Case":{"case":"Great Catch","actions":{"Create_a_task":{"runAfter":{},"metadata":{"operationMetadataId":"1756a0ac-fbcb-4449-9f6e-5c0ed90b9194"},"type":"OpenApiConnection","inputs":{"host":{"apiId":"/providers/Microsoft.PowerApps/apis/shared_planner","connectionName":"shared_planner","operationId":"CreateTask_V3"},"parameters":{"body/groupId":"f75cd8b6-f729-4d3e-93b6-3c7f9105ae19","body/planId":"YFHDo_si1E-KGUYUxQs6NYIAFWxF","body/title":"New GREAT CATCH SUBMITTED by @{outputs('Get_response_details')?['body/responder']} on @{outputs('Get_response_details')?['body/submitDate']}","body/bucketId":"HmZtDzz4f0qvu0rECU-X2IIACxdL","body/startDateTime":"@outputs('Get_response_details')?['body/submitDate']"},"authentication":"@parameters('$authentication')"}},"Update_task_details":{"runAfter":{"Create_a_task":["Succeeded"]},"metadata":{"operationMetadataId":"ceef8935-4daa-4c07-a582-e839ed8dbd73"},"type":"OpenApiConnection","inputs":{"host":{"apiId":"/providers/Microsoft.PowerApps/apis/shared_planner","connectionName":"shared_planner","operationId":"UpdateTaskDetails_V2"},"parameters":{"id":"@outputs('Create_a_task')?['body/id']","body/description":"HRO Alignment: @{outputs('Get_response_details')?['body/rc4bf1f0f981f4ec4bf8ab5ebf987ecba']}\n\nSubmission Date: @{outputs('Get_response_details')?['body/submitDate']}\n\nSubmission made by: @{outputs('Get_response_details')?['body/responder']}\n\nName of staff involved (nominees) @{outputs('Get_response_details')?['body/r7732dc139d15446f91f4b4bf61080ae2']}\n\nEvent Type: @{outputs('Get_response_details')?['body/r62708ffdbbf84c1b8458ad9b98c61f1b']}\n\nContext: @{outputs('Get_response_details')?['body/r8a76cb1bfba94798a13507edab97228d']}\n\nAction: @{outputs('Get_response_details')?['body/r0723ba781e29435783b98892111cdfff']}\n\nResult: @{outputs('Get_response_details')?['body/raca8a8c1489e4e9986181fed966bcbd2']}\n\nStaff Tour of Duty: @{outputs('Get_response_details')?['body/rb41daf0bd9e44355acc3b0ccb54bf3f4']}\n\n"},"authentication":"@parameters('$authentication')"}},"Send_an_email_(V2)_2":{"runAfter":{"Update_task_details":["Succeeded"]},"metadata":{"operationMetadataId":"4ef7a44a-b7fc-49a2-af54-62cddb2bcaac"},"type":"OpenApiConnection","inputs":{"host":{"apiId":"/providers/Microsoft.PowerApps/apis/shared_office365","connectionName":"shared_office365","operationId":"SendEmailV2"},"parameters":{"emailMessage/To":"@outputs('Get_response_details')?['body/responder']","emailMessage/Subject":"Thank you for your Great Catch Award Nomination on @{outputs('Get_response_details')?['body/submitDate']}","emailMessage/Body":"<p><span style=\"font-size: 14px\">Thank you for submitting a Great Catch Award Nomination. This is absolutely essential to building a Culture of Safety at Edward Hines Jr. Veterans Hospital. Your actions help reinforce excellent safety behaviors by staff who are demonstrating HRO principles. &nbsp;We hope the safety behaviors are repeated. Your engagement is very much appreciated.<br>\n<br>\nPlease also consider submitting a HeRO Award or Safety Story for the same behavior. Please \"reply to all\" and let us know if you think this would be a great story to have recorded with Hines Media Services or perhaps a picture taken of the individual or team involved!<br>\n<br>\nTHANK YOU!<br>\n-The Patient Safety &amp; HRO Teams at Edward Hines Jr. Veterans Hospital&nbsp;<br>\n<br>\nDetails of Submission:<br>\n<br>\nProgram: </span><span style=\"font-size: 14px\">@{outputs('Get_response_details')?['body/r9f55435931764ca3b0986eec7bdb986f']}</span><span style=\"font-size: 14px\"><br>\n<br>\nType: </span><span style=\"font-size: 14px\">@{outputs('Get_response_details')?['body/r62708ffdbbf84c1b8458ad9b98c61f1b']}</span><span style=\"font-size: 14px\"><br>\n<br>\nNominating: </span><span style=\"font-size: 14px\">@{outputs('Get_response_details')?['body/r7732dc139d15446f91f4b4bf61080ae2']}</span><span style=\"font-size: 14px\"><br>\n<br>\nHRO Alignment: </span><span style=\"font-size: 14px\">@{outputs('Get_response_details')?['body/rc4bf1f0f981f4ec4bf8ab5ebf987ecba']}</span><span style=\"font-size: 14px\"><br>\nContext: </span><span style=\"font-size: 14px\">@{outputs('Get_response_details')?['body/r8a76cb1bfba94798a13507edab97228d']}</span><span style=\"font-size: 14px\"><br>\nAction: </span><span style=\"font-size: 14px\">@{outputs('Get_response_details')?['body/r0723ba781e29435783b98892111cdfff']}</span><span style=\"font-size: 14px\"><br>\n<br>\nResult: </span><span style=\"font-size: 14px\">@{outputs('Get_response_details')?['body/raca8a8c1489e4e9986181fed966bcbd2']}</span><span style=\"font-size: 14px\"><br>\nEmployee's Tour of Duty: </span><span style=\"font-size: 14px\">@{outputs('Get_response_details')?['body/rb41daf0bd9e44355acc3b0ccb54bf3f4']}</span><span style=\"font-size: 14px\"></span></p>","emailMessage/From":"Adam.Butusov@va.gov","emailMessage/Cc":"Keizo.Beeck@va.gov;Francisco.Marchese@va.gov;Felecia.Percy@va.gov;Kyungsun.Lee@va.gov;Manuelissa.Capulong@va.gov;Hav.Hung@va.gov","emailMessage/Importance":"Normal"},"authentication":"@parameters('$authentication')"}}}},"Case_2":{"case":"Safety Story","actions":{"Create_a_task_2":{"runAfter":{},"metadata":{"operationMetadataId":"8d059632-86c7-40e1-829f-b756206b9a7a"},"type":"OpenApiConnection","inputs":{"host":{"apiId":"/providers/Microsoft.PowerApps/apis/shared_planner","connectionName":"shared_planner","operationId":"CreateTask_V3"},"parameters":{"body/groupId":"f75cd8b6-f729-4d3e-93b6-3c7f9105ae19","body/planId":"YFHDo_si1E-KGUYUxQs6NYIAFWxF","body/title":"New SAFETY STORY SUBMITTED by @{outputs('Get_response_details')?['body/responder']} on @{outputs('Get_response_details')?['body/submitDate']}","body/bucketId":"15aZZjnC8Eip2nKVEQAhXoIAFIC8","body/startDateTime":"@outputs('Get_response_details')?['body/submitDate']","body/appliedCategories/category19":true},"authentication":"@parameters('$authentication')"}},"Update_task_details_2":{"runAfter":{"Create_a_task_2":["Succeeded"]},"metadata":{"operationMetadataId":"deeefd47-0766-434c-8953-235c5559517c"},"type":"OpenApiConnection","inputs":{"host":{"apiId":"/providers/Microsoft.PowerApps/apis/shared_planner","connectionName":"shared_planner","operationId":"UpdateTaskDetails_V2"},"parameters":{"id":"@outputs('Create_a_task_2')?['body/id']","body/description":"HRO Alignment: @{outputs('Get_response_details')?['body/rc4bf1f0f981f4ec4bf8ab5ebf987ecba']}\n\nSubmission Date: @{outputs('Get_response_details')?['body/submitDate']}\n\nSubmission made by: @{outputs('Get_response_details')?['body/responder']}\n\nName of staff involved (nominees) @{outputs('Get_response_details')?['body/r7732dc139d15446f91f4b4bf61080ae2']}\n\nEvent Type: @{outputs('Get_response_details')?['body/r62708ffdbbf84c1b8458ad9b98c61f1b']}\n\nContext: @{outputs('Get_response_details')?['body/r8a76cb1bfba94798a13507edab97228d']}\n\nAction: @{outputs('Get_response_details')?['body/r0723ba781e29435783b98892111cdfff']}\n\nResult: @{outputs('Get_response_details')?['body/raca8a8c1489e4e9986181fed966bcbd2']}\n\nStaff Tour of Duty: @{outputs('Get_response_details')?['body/rb41daf0bd9e44355acc3b0ccb54bf3f4']}"},"authentication":"@parameters('$authentication')"}},"Send_an_email_(V2)":{"runAfter":{"Update_task_details_2":["Succeeded"]},"metadata":{"operationMetadataId":"f6bc87f1-2083-4eec-8d90-5bcf551f3e7e"},"type":"OpenApiConnection","inputs":{"host":{"apiId":"/providers/Microsoft.PowerApps/apis/shared_office365","connectionName":"shared_office365","operationId":"SendEmailV2"},"parameters":{"emailMessage/To":"@outputs('Get_response_details')?['body/responder']","emailMessage/Subject":"Thank you for your SAFETY STORY submission! ","emailMessage/Body":"<p>Thank you for submitting a Safety Story. This is absolutely essential to building a Culture of Safety at Edward Hines Jr. Veterans Hospital. Your actions help reinforce excellent safety behaviors by staff who are demonstrating HRO principles. Safety stories allow staff to feel more comfortable speaking up and also provide the opportunity for our Organization to learn from the story. Your engagement is very much appreciated.<br>\n<br>\nPlease also consider submitting a HeRO Award or Great Catch for the same behavior. Please \"reply to all\" and let us know if you think this would be a great story to have recorded with Hines Media Services.<br>\n<br>\nTHANK YOU!<br>\n<br>\n<span style=\"color: rgb(41,105,176)\">-The Patient Safety &amp; HRO Teams at Edward Hines Jr. Veterans Hospital&nbsp;</span></p>","emailMessage/From":"Adam.Butusov@va.gov","emailMessage/Cc":"Keizo.Beeck@va.gov;Francisco.Marchese@va.gov;Felecia.Percy@va.gov;Kyungsun.Lee@va.gov;Manuelissa.Capulong@va.gov;Hav.Hung@va.gov","emailMessage/Importance":"Normal"},"authentication":"@parameters('$authentication')"}}}},"Case_3":{"case":"National HeRO Award","actions":{"Create_a_task_3":{"runAfter":{},"metadata":{"operationMetadataId":"8aaabf0b-6e9d-4c07-95a5-3895283a0e66"},"type":"OpenApiConnection","inputs":{"host":{"apiId":"/providers/Microsoft.PowerApps/apis/shared_planner","connectionName":"shared_planner","operationId":"CreateTask_V3"},"parameters":{"body/groupId":"f75cd8b6-f729-4d3e-93b6-3c7f9105ae19","body/planId":"YFHDo_si1E-KGUYUxQs6NYIAFWxF","body/title":"New NATIONAL HERO AWARD SUBMITTED by @{outputs('Get_response_details')?['body/responder']} on @{outputs('Get_response_details')?['body/submitDate']}","body/bucketId":"SpS7V5WSTkSU8QQi_6Z8tYIACx3V","body/startDateTime":"@outputs('Get_response_details')?['body/submitDate']","body/appliedCategories/category8":true},"authentication":"@parameters('$authentication')"}},"Update_task_details_3":{"runAfter":{"Create_a_task_3":["Succeeded"]},"metadata":{"operationMetadataId":"3c8b159c-c7d7-4374-9fd2-dd1064f8b46c"},"type":"OpenApiConnection","inputs":{"host":{"apiId":"/providers/Microsoft.PowerApps/apis/shared_planner","connectionName":"shared_planner","operationId":"UpdateTaskDetails_V2"},"parameters":{"id":"@outputs('Create_a_task_3')?['body/id']","body/description":"HRO Alignment: @{outputs('Get_response_details')?['body/rc4bf1f0f981f4ec4bf8ab5ebf987ecba']}\n\nSubmission Date: @{outputs('Get_response_details')?['body/submitDate']}\n\nSubmission made by: @{outputs('Get_response_details')?['body/responder']}\n\nName of staff involved (nominees) @{outputs('Get_response_details')?['body/r7732dc139d15446f91f4b4bf61080ae2']}\n\nEvent Type: @{outputs('Get_response_details')?['body/r62708ffdbbf84c1b8458ad9b98c61f1b']}\n\nContext: @{outputs('Get_response_details')?['body/r8a76cb1bfba94798a13507edab97228d']}\n\nAction: @{outputs('Get_response_details')?['body/r0723ba781e29435783b98892111cdfff']}\n\nResult: @{outputs('Get_response_details')?['body/raca8a8c1489e4e9986181fed966bcbd2']}\n"},"authentication":"@parameters('$authentication')"}},"Send_an_email_(V2)_3":{"runAfter":{"Update_task_details_3":["Succeeded"]},"metadata":{"operationMetadataId":"e3c981d8-3519-4426-9a5c-b20bbe6b0c07"},"type":"OpenApiConnection","inputs":{"host":{"apiId":"/providers/Microsoft.PowerApps/apis/shared_office365","connectionName":"shared_office365","operationId":"SendEmailV2"},"parameters":{"emailMessage/To":"@outputs('Get_response_details')?['body/responder']","emailMessage/Subject":"Thank you for your National HeRO Award Nomination Submission! ","emailMessage/Body":"<p>Thank you for submitting a HeRO Award Nomination. This is absolutely essential to building a Culture of Safety at Edward Hines Jr. Veterans Hospital. Your actions help reinforce excellent safety behaviors by staff who are demonstrating HRO principles. Safety stories allow staff to feel more comfortable speaking up and also provide the opportunity for our Organization to learn from the story. Your engagement is very much appreciated.<br>\n<br>\nPlease also consider submitting a Safety Story or Great Catch for the same behavior. Please \"reply to all\" and let us know if you think this would be a great story to have recorded with Hines Media Services or photos taken of the individual or team involved.<br>\n<br>\nTHANK YOU!<br>\n<br>\n<span style=\"color: rgb(41,105,176)\">-The Patient Safety &amp; HRO Teams at Edward Hines Jr. Veterans Hospital&nbsp;</span></p>","emailMessage/From":"Adam.Butusov@va.gov","emailMessage/Cc":"Keizo.Beeck@va.gov;Francisco.Marchese@va.gov;Felecia.Percy@va.gov;Kyungsun.Lee@va.gov;Hav.Hung@va.gov;Manuelissa.Capulong@va.gov","emailMessage/Importance":"Normal"},"authentication":"@parameters('$authentication')"}}}}},"default":{"actions":{}},"expression":"@outputs('Get_response_details')?['body/r9f55435931764ca3b0986eec7bdb986f']","metadata":{"operationMetadataId":"d233df13-27f3-4bec-9b4f-dba7a38a128e"},"type":"Switch"}},"outputs":{}},"connectionReferences":{"shared_microsoftforms":{"connectionName":"shared-microsoftform-ab71891c-c1d3-4c5e-9719-99ebda375421","source":"Embedded","id":"/providers/Microsoft.PowerApps/apis/shared_microsoftforms","tier":"NotSpecified","apiName":"microsoftforms"},"shared_planner":{"connectionName":"shared-planner-1ef570c4-117a-41cf-8e45-e65ebbdaf413","source":"Embedded","id":"/providers/Microsoft.PowerApps/apis/shared_planner","tier":"NotSpecified","apiName":"planner"},"shared_office365":{"connectionName":"54b3e1897bea4f2ab753916152162a9f","source":"Embedded","id":"/providers/Microsoft.PowerApps/apis/shared_office365","tier":"NotSpecified","apiName":"office365"}},"flowFailureAlertSubscribed":false,"isManaged":false}}