{"schemaVersion":"1.0","appDefinitionTemplate":{"id":"/providers/Microsoft.PowerApps/apps/","type":"Microsoft.PowerApps/apps","tags":{"primaryDeviceWidth":"640","primaryDeviceHeight":"1136","supportsPortrait":"true","supportsLandscape":"true","primaryFormFactor":"Phone","publisherVersion":"3.25123.14","minimumRequiredApiVersion":"2.2.0","hasComponent":"true","hasUnlockedComponent":"true","isUnifiedRootApp":"false","sienaVersion":"20260113T134042Z-3.25123.14.0","showStatusBar":"true","offlineLargeFilesSupport":"false"},"properties":{"appVersion":"2026-01-13T13:40:42Z","lifeCycleId":"Published","createdByClientVersion":{"major":3,"minor":25123,"build":14,"revision":0,"majorRevision":0,"minorRevision":0},"minClientVersion":{"major":3,"minor":25123,"build":14,"revision":0,"majorRevision":0,"minorRevision":0},"backgroundColor":"rgba(0, 131, 190, 1)","backgroundImageUri":"/1053001401656249196/Na7c4c1e3-3cb4-4f8d-9b5b-e5420f50cc03-logoSmallFile","displayName":"578 Employee Recognition App","description":"This is the centralized Employee Recognition Application for the Edward Hines Jr. VA Hospital (578/VISN12).\n\nCurrent published release (v1.1.2) repository @ https://github.com/department-of-veterans-affairs/578-EmployeeRecognitionApp","commitMessage":"","appUris":{"documentUri":{"value":"/1053001401656249196/N2e6ca80c-9819-4d10-869a-2360d6453073-document.msapp"},"imageUris":[],"additionalUris":[{"isSolutionAware":false,"value":"/1053001401656249196/Na9a3b38b-7e7c-416a-bb84-a30c9c4f385b-identity.json"}]},"createdTime":"0001-01-01T00:00:00Z","lastModifiedTime":"0001-01-01T00:00:00Z","sharedGroupsCount":0,"sharedUsersCount":0,"connectionReferences":{"38ae43a2-81ed-464c-bdb9-d6cc96206478":{"id":"b7a19980-d1d5-4e59-958e-7a830009aab3","displayName":"SharePoint","iconUri":"https://conn-afd-prod-endpoint-bmc9bqahasf3grgk.b01.azurefd.net/releases/v1.0.1732/1.0.1732.4070/sharepointonline/icon.png","dataSources":["578_Starfish","List_DeskAdmin","App_Users_Admins","App_Users_HROTeam","App_Users_NursingTeam","App_Users_PublicAffairsTeam","App_Users_StarfishTeam","App_Users_TriageTeam","SubmittedPackets_forTriage","TriagedPackets_forHROTeam","TriagedPackets_forNursingTeam","TriagedPackets_forPublicAffairsTeam","TriagedPackets_forStarfishTeam","TriagedPackets_forUNKNOWN","CompletedPackets_NoFurtherActionNeeded"],"dependencies":[],"dependents":[],"parameterHints":{},"parameterHintsV2":{},"isOnPremiseConnection":false,"bypassConsent":false,"dataSets":{"https://dvagov.sharepoint.com/sites/HinesEmployeeEngagementandWholeHealth/EmployeeRecognitionApp":{"dataSources":{"578_Starfish":{"tableName":"26a559b3-e174-4b37-becc-a7863c2d96e6"},"App_Users_Admins":{"tableName":"6494c437-3f2f-4125-8da9-ad9b8494f823"},"App_Users_HROTeam":{"tableName":"8dbf7031-2c1b-4ce0-aa21-56da99839bb8"},"App_Users_NursingTeam":{"tableName":"c8ce5f43-5ad5-43ce-8cdf-befc10150ceb"},"App_Users_PublicAffairsTeam":{"tableName":"dd122e11-54ea-48c9-9823-d79df8001c1b"},"App_Users_StarfishTeam":{"tableName":"cb96e7d1-8e7b-48c0-b673-0b9963294177"},"App_Users_TriageTeam":{"tableName":"82c7181b-5856-41d8-a8d6-c0cd078a30ee"},"SubmittedPackets_forTriage":{"tableName":"195929ba-f21f-45a1-8442-bce39932202b"},"TriagedPackets_forHROTeam":{"tableName":"e63f7ddf-d89b-4e0d-8ac9-f9d6ac13f714"},"TriagedPackets_forNursingTeam":{"tableName":"1cffae26-2b7d-490e-b3d9-7dace4049b7a"},"TriagedPackets_forPublicAffairsTeam":{"tableName":"9f7fc073-bffe-4daa-805c-53c30d52ef29"},"TriagedPackets_forStarfishTeam":{"tableName":"d84e7893-89da-4a56-aeb8-26f34abdd750"},"TriagedPackets_forUNKNOWN":{"tableName":"1c30f7b8-15e7-4eed-8307-6350d01861ea"},"CompletedPackets_NoFurtherActionNeeded":{"tableName":"958e7ff2-d572-4755-a6b7-b371e49ac1f9"}}},"https://dvagov.sharepoint.com/sites/vhahin/svc/ci/TelehealthTeamApp":{"dataSources":{"List_DeskAdmin":{"tableName":"e8fb2b88-f7d5-4c32-a18a-87708200f96b"}}}},"apiTier":"Standard","isCustomApiConnection":false,"actions":["providers/PowerPlatform.Governance/Operations/Read","providers/PowerPlatform.Governance/Operations/Write"]},"197f11aa-ac28-4411-94a0-0ffcdbe73618":{"id":"791b1887-0bbf-4c9a-93c9-c5facca2d2ba","displayName":"Office 365 Users","iconUri":"https://connectorsiconsfairfax.z5.web.core.usgovcloudapi.net/v1.0.1767/1.0.1767.4341/office365users/icon.png","dataSources":["Office365Users"],"dependencies":[],"dependents":[],"parameterHints":{},"parameterHintsV2":{},"isOnPremiseConnection":false,"bypassConsent":false,"dataSets":{},"apiTier":"Standard","isCustomApiConnection":false,"actions":["SearchUser","MyProfile","MyProfile_V2","UserPhoto_V2","Manager","UserProfile"]},"6606f1f7-9fc4-4c4c-8fa5-0d2d25c36ef7":{"id":"566c08d4-552b-4ad9-b719-7e7854622088","displayName":"Power Apps for Makers","iconUri":"https://connectorsiconsfairfax.z5.web.core.usgovcloudapi.net/v1.0.1774/1.0.1774.4397/powerappsforappmakers/icon.png","dataSources":["PowerAppsforMakers"],"dependencies":[],"dependents":[],"parameterHints":{},"parameterHintsV2":{},"isOnPremiseConnection":false,"bypassConsent":false,"dataSets":{},"apiTier":"Standard","isCustomApiConnection":false,"actions":["Get-AppVersions"]}},"databaseReferences":{},"almMode":"Environment","performanceOptimizationEnabled":false,"canConsumeAppPass":true,"enableModernRuntimeMode":false,"executionRestrictions":{"isTeamsOnly":false,"dataLossPreventionEvaluationResult":{"status":"Compliant","lastEvaluationDate":"2022-10-19T15:04:07.6718498Z","violations":[],"violationsByPolicy":[],"violationErrorMessage":"The app uses the following connectors: shared_sharepointonline."}}},"isAppComponentLibrary":false,"appType":"ClassicCanvasApp","appComponents":[]}}